id,author_timestamp,commit_utc_offset_hours,filename,n_additions,n_deletions,author_id,total_additions,total_deletions,author_total_additions,author_total_deletions
16,1487807197,-8,mm/memory.c,2,3,4,8776,6854,1278,1781
18,1487807194,-8,mm/memory.c,2,2,4,8776,6854,1278,1781
21,1487807191,-8,mm/memory.c,0,6,4,8776,6854,1278,1781
159,1487806978,-8,mm/memory.c,10,3,22,8776,6854,35,3
165,1487806969,-8,mm/memory.c,25,0,22,8776,6854,35,3
280,1487806806,-8,mm/memory.c,4,4,41,8776,6854,6,8
288,1487806803,-8,mm/memory.c,2,4,41,8776,6854,6,8
12917,1484096244,-8,mm/memory.c,2,2,38,8776,6854,34,9
12919,1484096241,-8,mm/memory.c,30,7,38,8776,6854,34,9
13976,1483832251,-8,mm/memory.c,20,27,25,8776,6854,143,139
17381,1482608761,-8,mm/memory.c,1,1,92,8776,6854,265,123
18749,1481756870,-8,mm/memory.c,1,1,389,8776,6854,591,590
18752,1481756865,-8,mm/memory.c,2,2,389,8776,6854,591,590
18753,1481756862,-8,mm/memory.c,3,4,389,8776,6854,591,590
18755,1481756859,-8,mm/memory.c,39,27,389,8776,6854,591,590
18756,1481756856,-8,mm/memory.c,12,15,389,8776,6854,591,590
18757,1481756853,-8,mm/memory.c,29,29,389,8776,6854,591,590
18758,1481756850,-8,mm/memory.c,10,12,389,8776,6854,591,590
18759,1481756847,-8,mm/memory.c,37,40,389,8776,6854,591,590
18763,1481756844,-8,mm/memory.c,4,8,389,8776,6854,591,590
18765,1481756841,-8,mm/memory.c,35,9,389,8776,6854,591,590
18767,1481756838,-8,mm/memory.c,7,7,389,8776,6854,591,590
18771,1481756836,-8,mm/memory.c,41,41,389,8776,6854,591,590
18772,1481756833,-8,mm/memory.c,2,7,389,8776,6854,591,590
18773,1481756830,-8,mm/memory.c,28,38,389,8776,6854,591,590
18774,1481756827,-8,mm/memory.c,10,15,389,8776,6854,591,590
18776,1481756824,-8,mm/memory.c,18,17,389,8776,6854,591,590
18803,1481756821,-8,mm/memory.c,4,5,389,8776,6854,591,590
18813,1481756818,-8,mm/memory.c,284,284,389,8776,6854,591,590
18829,1481756812,-8,mm/memory.c,1,1,1508,8776,6854,33,29
19465,1481589872,-8,mm/memory.c,49,10,235,8776,6854,87,35
19537,1481589763,-8,mm/memory.c,6,15,235,8776,6854,87,35
19548,1481589760,-8,mm/memory.c,6,1,235,8776,6854,87,35
19563,1481589740,-8,mm/memory.c,2,2,5,8776,6854,42,29
27147,1479838010,-6,mm/memory.c,1,1,1224,8776,6854,1,1
33111,1478036605,-7,mm/memory.c,1,0,710,8776,6854,1,0
33519,1477503823,2,mm/memory.c,4,4,27,8776,6854,4,4
42250,1476318020,1,mm/memory.c,2,6,1508,8776,6854,33,29
42259,1476318019,1,mm/memory.c,3,8,1508,8776,6854,33,29
42261,1476318018,1,mm/memory.c,15,8,1508,8776,6854,33,29
42270,1476318017,1,mm/memory.c,5,1,1508,8776,6854,33,29
46108,1475884818,-7,mm/memory.c,6,2,197,8776,6854,31,15
46155,1475884746,-7,mm/memory.c,13,0,6,8776,6854,38,8
50790,1473634465,1,mm/memory.c,7,5,1508,8776,6854,33,29
57126,1473384653,-4,mm/memory.c,1,1,2413,8776,6854,145,37
74569,1470171745,-7,mm/memory.c,1,0,1186,8776,6854,14,0
74570,1470171742,-7,mm/memory.c,2,0,2436,8776,6854,2,0
76382,1469571995,-7,mm/memory.c,3,2,4,8776,6854,1278,1781
76402,1469571978,-7,mm/memory.c,1,1,4,8776,6854,1278,1781
76440,1469571940,-7,mm/memory.c,5,0,4,8776,6854,1278,1781
76444,1469571931,-7,mm/memory.c,1,0,4,8776,6854,1278,1781
76448,1469571929,-7,mm/memory.c,70,1,4,8776,6854,1278,1781
76452,1469571926,-7,mm/memory.c,2,2,4,8776,6854,1278,1781
76458,1469571923,-7,mm/memory.c,179,118,4,8776,6854,1278,1781
76467,1469571920,-7,mm/memory.c,275,306,4,8776,6854,1278,1781
76504,1469571918,-7,mm/memory.c,7,6,4,8776,6854,1278,1781
76512,1469571903,-7,mm/memory.c,1,1,2421,8776,6854,1,1
76564,1469571852,-7,mm/memory.c,9,1,235,8776,6854,87,35
76571,1469571849,-7,mm/memory.c,13,6,235,8776,6854,87,35
80840,1468523258,-7,mm/memory.c,1,2,25,8776,6854,143,139
92422,1466804988,-7,mm/memory.c,0,8,4,8776,6854,1278,1781
92425,1466804985,-7,mm/memory.c,5,18,4,8776,6854,1278,1781
105089,1463788724,-7,mm/memory.c,8,0,1186,8776,6854,14,0
105092,1463788721,-7,mm/memory.c,18,5,4,8776,6854,1278,1781
105120,1463788661,-7,mm/memory.c,3,2,1949,8776,6854,3,2
106158,1463070560,2,mm/memory.c,0,2,389,8776,6854,591,590
106162,1463070559,2,mm/memory.c,18,20,389,8776,6854,591,590
108495,1463092945,-7,mm/memory.c,13,8,20,8776,6854,270,65
111508,1462490529,-7,mm/memory.c,2,9,25,8776,6854,143,139
115716,1461885515,-7,mm/memory.c,40,0,616,8776,6854,40,0
125960,1459513788,3,mm/memory.c,0,1,4,8776,6854,1278,1781
126321,1459513787,3,mm/memory.c,21,32,4,8776,6854,1278,1781
129426,1458940824,-7,mm/memory.c,8,8,6,8776,6854,38,8
131049,1458249590,-7,mm/memory.c,7,10,467,8776,6854,12,15
131149,1458249551,-7,mm/memory.c,3,5,4,8776,6854,1278,1781
131942,1458079048,-7,mm/memory.c,1,2,3437,8776,6854,34,11
131994,1458079005,-7,mm/memory.c,3,1,3178,8776,6854,3,1
141915,1456528768,-8,mm/memory.c,12,2,20,8776,6854,270,65
147019,1455310944,-8,mm/memory.c,1,0,684,8776,6854,8,2
147030,1455310941,-8,mm/memory.c,2,1,684,8776,6854,8,2
147284,1455310939,-8,mm/memory.c,4,0,684,8776,6854,8,2
148513,1455310914,-8,mm/memory.c,1,1,684,8776,6854,8,2
154175,1454205796,-8,mm/memory.c,0,5,25,8776,6854,143,139
155133,1453830485,-8,mm/memory.c,7,2,197,8776,6854,31,15
158025,1453330990,-8,mm/memory.c,2,1,2485,8776,6854,2,1
159033,1452905812,-8,mm/memory.c,4,4,197,8776,6854,31,15
159050,1452905803,-8,mm/memory.c,1,1,197,8776,6854,31,15
159060,1452905800,-8,mm/memory.c,10,6,197,8776,6854,31,15
159175,1452905673,-8,mm/memory.c,2,3,4,8776,6854,1278,1781
159202,1452905629,-8,mm/memory.c,6,0,4,8776,6854,1278,1781
159222,1452905622,-8,mm/memory.c,1,1,4,8776,6854,1278,1781
159233,1452905619,-8,mm/memory.c,3,15,4,8776,6854,1278,1781
159295,1452905562,-8,mm/memory.c,1,1,4,8776,6854,1278,1781
159304,1452905555,-8,mm/memory.c,2,1,4,8776,6854,1278,1781
159316,1452905540,-8,mm/memory.c,13,14,4,8776,6854,1278,1781
159325,1452905536,-8,mm/memory.c,7,7,4,8776,6854,1278,1781
159335,1452905527,-8,mm/memory.c,1,1,4,8776,6854,1278,1781
159838,1452813612,-8,mm/memory.c,17,0,6,8776,6854,38,8
159868,1452813566,-8,mm/memory.c,10,20,2935,8776,6854,11,21
160660,1451448740,-8,mm/memory.c,23,2,60,8776,6854,23,2
180631,1447675755,2,mm/memory.c,4,4,3256,8776,6854,4,4
192999,1444948112,-7,mm/memory.c,2,0,38,8776,6854,34,9
209076,1441838375,-7,mm/memory.c,2,2,4,8776,6854,1278,1781
209674,1441749585,-7,mm/memory.c,4,4,4,8776,6854,1278,1781
209676,1441749582,-7,mm/memory.c,2,9,4,8776,6854,1278,1781
209685,1441749565,-7,mm/memory.c,8,3,1506,8776,6854,32,9
209706,1441749528,-7,mm/memory.c,24,6,1506,8776,6854,32,9
209724,1441749508,-7,mm/memory.c,4,4,1651,8776,6854,4,4
210168,1441406902,-7,mm/memory.c,5,5,3674,8776,6854,5,5
210247,1441406780,-7,mm/memory.c,16,0,20,8776,6854,270,65
234637,1436213917,3,mm/memory.c,13,7,4,8776,6854,1278,1781
237928,1435190247,-7,mm/memory.c,6,4,3636,8776,6854,291,245
238433,1434702553,2,mm/memory.c,1,1,6128,8776,6854,4,2
255975,1431359527,2,mm/memory.c,6,12,789,8776,6854,6,12
266039,1429139711,-7,mm/memory.c,38,4,6552,8776,6854,38,4
266040,1429139708,-7,mm/memory.c,5,6,362,8776,6854,5,6
266077,1429139648,-7,mm/memory.c,1,1,5414,8776,6854,1,1
266831,1429051595,-7,mm/memory.c,47,38,6567,8776,6854,272,214
266832,1429051592,-7,mm/memory.c,145,119,6567,8776,6854,272,214
266833,1429051589,-7,mm/memory.c,12,9,6567,8776,6854,272,214
266834,1429051585,-7,mm/memory.c,68,48,6567,8776,6854,272,214
276064,1427324142,-7,mm/memory.c,2,1,3636,8776,6854,291,245
276066,1427324140,-7,mm/memory.c,3,5,3636,8776,6854,291,245
276069,1427324137,-7,mm/memory.c,11,8,3636,8776,6854,291,245
281926,1426175146,-7,mm/memory.c,6,1,92,8776,6854,265,123
290243,1424131130,-8,mm/memory.c,32,9,3437,8776,6854,34,11
290245,1424131126,-8,mm/memory.c,1,0,3437,8776,6854,34,11
291257,1423782019,-8,mm/memory.c,1,1,2109,8776,6854,1,1
291344,1423781921,-8,mm/memory.c,3,0,3636,8776,6854,291,245
291348,1423781915,-8,mm/memory.c,0,1,3636,8776,6854,291,245
291361,1423781908,-8,mm/memory.c,6,4,3636,8776,6854,291,245
291376,1423781902,-8,mm/memory.c,2,2,3636,8776,6854,291,245
291676,1423697210,-8,mm/memory.c,9,6,4,8776,6854,1278,1781
292074,1423606290,-8,mm/memory.c,17,31,1252,8776,6854,192,122
292075,1423606288,-8,mm/memory.c,2,5,1252,8776,6854,192,122
292141,1423606204,-8,mm/memory.c,38,40,4,8776,6854,1278,1781
292179,1423606191,-8,mm/memory.c,9,55,4,8776,6854,1278,1781
292182,1423606189,-8,mm/memory.c,21,60,4,8776,6854,1278,1781
296110,1422558917,-8,mm/memory.c,1,1,92,8776,6854,265,123
297033,1418914095,0,mm/memory.c,2,0,1583,8776,6854,2,0
305398,1421089855,0,mm/memory.c,4,4,411,8776,6854,19,27
307034,1420756338,-8,mm/memory.c,17,10,1252,8776,6854,192,122
307654,1420578005,-8,mm/memory.c,2,2,92,8776,6854,265,123
309527,1419274914,2,mm/memory.c,2,2,4,8776,6854,1278,1781
310282,1418948249,-8,mm/memory.c,6,0,1510,8776,6854,7,11
310403,1417984893,1,mm/memory.c,10,1,146,8776,6854,10,1
310430,1418846344,-8,mm/memory.c,3,3,92,8776,6854,265,123
311476,1418432127,-8,mm/memory.c,1,0,4210,8776,6854,1,0
311495,1418432082,-8,mm/memory.c,2,2,16,8776,6854,6,6
311519,1418432061,-8,mm/memory.c,4,4,16,8776,6854,6,6
314800,1417564779,-8,mm/memory.c,13,13,25,8776,6854,143,139
323296,1414576989,0,mm/memory.c,8,21,411,8776,6854,19,27
332932,1414527388,-7,mm/memory.c,1,0,411,8776,6854,19,27
333759,1414058864,2,mm/memory.c,1,1,4787,8776,6854,2,7
338846,1413240946,-7,mm/memory.c,2,1,2207,8776,6854,3,2
343876,1411686329,-7,mm/memory.c,1,1,2207,8776,6854,3,2
349885,1410553043,2,mm/memory.c,2,0,499,8776,6854,2,0
356638,1409350724,-7,mm/memory.c,3,4,25,8776,6854,143,139
362952,1407533020,-7,mm/memory.c,0,38,3503,8776,6854,0,38
363237,1407532762,-7,mm/memory.c,0,2,1252,8776,6854,192,122
363254,1407532760,-7,mm/memory.c,20,20,1252,8776,6854,192,122
363788,1407366492,-7,mm/memory.c,4,2,2413,8776,6854,145,37
363790,1407366487,-7,mm/memory.c,2,1,4,8776,6854,1278,1781
363791,1407366485,-7,mm/memory.c,7,14,4,8776,6854,1278,1781
363819,1407366444,-7,mm/memory.c,31,3,7993,8776,6854,31,3
363836,1407366425,-7,mm/memory.c,1,1,2213,8776,6854,11,5
363846,1407366416,-7,mm/memory.c,1,1,2935,8776,6854,11,21
363919,1407366308,-7,mm/memory.c,1,1,25,8776,6854,143,139
366336,1406761715,-7,mm/memory.c,12,9,6100,8776,6854,12,9
369281,1406149208,-7,mm/memory.c,2,1,1507,8776,6854,2,1
389991,1401923455,-7,mm/memory.c,27,0,4,8776,6854,1278,1781
389992,1401923454,-7,mm/memory.c,23,38,4,8776,6854,1278,1781
390002,1401923445,-7,mm/memory.c,1,1,4,8776,6854,1278,1781
390133,1401923290,-7,mm/memory.c,0,641,4,8776,6854,1278,1781
390304,1401923190,-7,mm/memory.c,6,10,3636,8776,6854,291,245
404310,1398800175,-4,mm/memory.c,0,3,2413,8776,6854,145,37
408399,1398467140,-7,mm/memory.c,34,18,92,8776,6854,265,123
410025,1398199780,-7,mm/memory.c,5,0,92,8776,6854,265,123
414430,1396910271,-7,mm/memory.c,1,1,6128,8776,6854,4,2
414441,1396910266,-7,mm/memory.c,3,3,5647,8776,6854,9,4
414490,1396910242,-7,mm/memory.c,60,7,4,8776,6854,1278,1781
414508,1396910238,-7,mm/memory.c,76,4,4,8776,6854,1278,1781
414525,1396910221,-7,mm/memory.c,2,2,7687,8776,6854,2,2
415217,1396600102,-7,mm/memory.c,44,21,25,8776,6854,143,139
415613,1396561696,-7,mm/memory.c,30,35,4,8776,6854,1278,1781
415614,1396561695,-7,mm/memory.c,45,59,4,8776,6854,1278,1781
415615,1396561693,-7,mm/memory.c,64,161,4,8776,6854,1278,1781
415616,1396561692,-7,mm/memory.c,62,0,4,8776,6854,1278,1781
415617,1396561691,-7,mm/memory.c,43,0,4,8776,6854,1278,1781
415618,1396561690,-7,mm/memory.c,44,31,4,8776,6854,1278,1781
415619,1396561688,-7,mm/memory.c,5,5,4,8776,6854,1278,1781
415625,1396561682,-7,mm/memory.c,2,2,7829,8776,6854,2,2
430963,1393369302,-8,mm/memory.c,3,11,4,8776,6854,1278,1781
430966,1393369299,-8,mm/memory.c,1,0,4,8776,6854,1278,1781
443053,1390521174,-8,mm/memory.c,4,4,3883,8776,6854,4,4
443070,1390521169,-8,mm/memory.c,1,1,3640,8776,6854,2,1
444204,1390348147,-8,mm/memory.c,11,2,4,8776,6854,1278,1781
444300,1390348092,-8,mm/memory.c,3,0,197,8776,6854,31,15
445853,1415846769,11,mm/memory.c,2,1,376,8776,6854,2,1
454047,1387578485,-8,mm/memory.c,1,1,1401,8776,6854,1,1
454142,1387539358,2,mm/memory.c,1,1,4,8776,6854,1278,1781
466577,1384987307,-8,mm/memory.c,0,7,92,8776,6854,265,123
467824,1384468313,-8,mm/memory.c,7,0,4,8776,6854,1278,1781
467828,1384468312,-8,mm/memory.c,5,6,86,8776,6854,64,44
467834,1384468311,-8,mm/memory.c,19,0,4,8776,6854,1278,1781
467884,1384468264,-8,mm/memory.c,7,5,4,8776,6854,1278,1781
467910,1384468248,-8,mm/memory.c,2,2,4,8776,6854,1278,1781
468873,1384297635,-8,mm/memory.c,0,2,2104,8776,6854,15,4
474357,1381141725,1,mm/memory.c,21,32,3636,8776,6854,291,245
475868,1379881672,-4,mm/memory.c,1,1,1107,8776,6854,87,61
478959,1381956419,-7,mm/memory.c,12,6,1252,8776,6854,192,122
478966,1381956411,-7,mm/memory.c,2,0,2213,8776,6854,11,5
482728,1381141776,1,mm/memory.c,4,4,2413,8776,6854,145,37
482732,1381141774,1,mm/memory.c,7,0,2413,8776,6854,145,37
482751,1381141765,1,mm/memory.c,3,97,3636,8776,6854,291,245
482756,1381141764,1,mm/memory.c,26,4,86,8776,6854,64,44
482766,1381141761,1,mm/memory.c,8,0,86,8776,6854,64,44
482773,1381141760,1,mm/memory.c,6,9,86,8776,6854,64,44
482822,1381141747,1,mm/memory.c,6,9,3636,8776,6854,291,245
482832,1381141745,1,mm/memory.c,2,5,3636,8776,6854,291,245
482839,1381141743,1,mm/memory.c,6,2,3636,8776,6854,291,245
482874,1381141730,1,mm/memory.c,1,0,3636,8776,6854,291,245
482882,1381141725,1,mm/memory.c,21,32,3636,8776,6854,291,245
491242,1379024045,-7,mm/memory.c,6,3,4,8776,6854,1278,1781
491298,1379024024,-7,mm/memory.c,3,0,1252,8776,6854,192,122
491305,1379024022,-7,mm/memory.c,30,10,1252,8776,6854,192,122
491768,1378934524,-7,mm/memory.c,15,2,2104,8776,6854,15,4
491805,1378934488,-7,mm/memory.c,0,24,2269,8776,6854,0,24
501245,1376592145,-7,mm/memory.c,21,15,92,8776,6854,265,123
502327,1376434851,-7,mm/memory.c,6,4,2213,8776,6854,11,5
502334,1376434849,-7,mm/memory.c,2,0,2213,8776,6854,11,5
502895,1375873372,2,mm/memory.c,1,0,381,8776,6854,1,0
514605,1373324418,-7,mm/memory.c,1,1,467,8776,6854,12,15
516107,1372889061,-7,mm/memory.c,0,2,6352,8776,6854,0,2
516174,1372889011,-7,mm/memory.c,6,3,516,8776,6854,6,3
516372,1372888886,-7,mm/memory.c,1,1,1739,8776,6854,1,1
527717,1370428010,2,mm/memory.c,0,9,86,8776,6854,64,44
531316,1369578743,3,mm/memory.c,7,4,76,8776,6854,10,5
531318,1369578733,3,mm/memory.c,2,1,76,8776,6854,10,5
539837,1367273295,-7,mm/memory.c,5,0,1186,8776,6854,14,0
540336,1355336352,-8,mm/memory.c,4,4,467,8776,6854,12,15
544511,1366145137,-7,mm/memory.c,47,0,92,8776,6854,265,123
545612,1365809034,-7,mm/memory.c,1,0,3640,8776,6854,2,1
566072,1361579770,-8,mm/memory.c,8,10,25,8776,6854,143,139
566076,1361579767,-8,mm/memory.c,18,2,25,8776,6854,143,139
566086,1361579756,-8,mm/memory.c,23,8,9015,8776,6854,144,113
566091,1361579755,-8,mm/memory.c,9,9,9015,8776,6854,144,113
566152,1361579708,-8,mm/memory.c,9,9,25,8776,6854,143,139
566214,1361579672,-8,mm/memory.c,4,0,8388,8776,6854,329,213
566347,1361579564,-8,mm/memory.c,0,24,9015,8776,6854,144,113
566376,1361579540,-8,mm/memory.c,4,1,1252,8776,6854,192,122
581824,1358750859,10,mm/memory.c,1,1,2302,8776,6854,2,1
586340,1357749414,-8,mm/memory.c,8,0,92,8776,6854,265,123
588154,1357342512,-8,mm/memory.c,5,0,5647,8776,6854,9,4
592902,1355788883,-8,mm/memory.c,3,5,43,8776,6854,3,5
593005,1355788764,-8,mm/memory.c,1,0,1510,8776,6854,7,11
593954,1355349157,-8,mm/memory.c,1,6,4787,8776,6854,2,7
593959,1355349156,-8,mm/memory.c,0,7,4,8776,6854,1278,1781
594033,1355349059,-8,mm/memory.c,2,2,4,8776,6854,1278,1781
594041,1355349054,-8,mm/memory.c,0,7,4,8776,6854,1278,1781
594403,1355270487,-8,mm/memory.c,6,2,411,8776,6854,19,27
594676,1353460703,0,mm/memory.c,8,4,3636,8776,6854,291,245
594690,1352942672,0,mm/memory.c,34,17,3636,8776,6854,291,245
594697,1351867968,0,mm/memory.c,12,0,3636,8776,6854,291,245
594720,1351167403,2,mm/memory.c,11,2,8388,8776,6854,329,213
594733,1351856025,0,mm/memory.c,27,5,3636,8776,6854,291,245
594746,1351167391,2,mm/memory.c,107,4,3636,8776,6854,291,245
594749,1349465787,2,mm/memory.c,17,0,20,8776,6854,270,65
594775,1318446411,2,mm/memory.c,2,1,3636,8776,6854,291,245
607318,1353104088,-8,mm/memory.c,4,6,5,8776,6854,42,29
623792,1349739243,-7,mm/memory.c,1,1,5,8776,6854,42,29
623809,1349739223,-7,mm/memory.c,1,1,1491,8776,6854,1,1
623818,1349739215,-7,mm/memory.c,12,6,4391,8776,6854,12,6
623824,1349739213,-7,mm/memory.c,18,9,4082,8776,6854,18,9
623836,1349739199,-7,mm/memory.c,5,5,25,8776,6854,143,139
624009,1349739085,-7,mm/memory.c,4,4,9015,8776,6854,144,113
624193,1349738942,-7,mm/memory.c,5,6,9710,8776,6854,55,51
624242,1349738920,-7,mm/memory.c,12,2,9710,8776,6854,55,51
624251,1349738914,-7,mm/memory.c,10,16,9710,8776,6854,55,51
624254,1349738909,-7,mm/memory.c,5,7,11174,8776,6854,5,7
650666,1343778380,-7,mm/memory.c,1,1,3636,8776,6854,291,245
650828,1343778198,-7,mm/memory.c,1,1,9927,8776,6854,1,1
650919,1343778123,-7,mm/memory.c,4,2,235,8776,6854,87,35
652059,1339510828,2,mm/memory.c,7,7,389,8776,6854,591,590
665136,1340845341,8,mm/memory.c,9,0,10115,8776,6854,9,0
666915,1340221982,-7,mm/memory.c,1,1,10934,8776,6854,1,1
666924,1340221980,-7,mm/memory.c,9,1,5,8776,6854,42,29
674949,1338329183,-7,mm/memory.c,15,3,5,8776,6854,42,29
674967,1338329178,-7,mm/memory.c,1,1,2413,8776,6854,145,37
687000,1336337646,-7,mm/memory.c,5,11,92,8776,6854,265,123
687003,1336336995,-7,mm/memory.c,9,9,92,8776,6854,265,123
694404,1334140527,5,mm/memory.c,3,0,2483,8776,6854,3,0
703105,1332540171,-7,mm/memory.c,1,7,11797,8776,6854,1,7
703964,1332372853,-7,mm/memory.c,2,7,5,8776,6854,42,29
703968,1332372853,-7,mm/memory.c,9,9,5,8776,6854,42,29
704057,1332372829,-7,mm/memory.c,0,18,9710,8776,6854,55,51
704078,1332372822,-7,mm/memory.c,12,4,20,8776,6854,270,65
704510,1330974860,-5,mm/memory.c,73,39,1107,8776,6854,87,61
704512,1330972875,-5,mm/memory.c,1,5,1107,8776,6854,87,61
704516,1330972689,-5,mm/memory.c,2,3,1107,8776,6854,87,61
704517,1330972549,-5,mm/memory.c,2,2,1107,8776,6854,87,61
704518,1330971909,-5,mm/memory.c,6,9,1107,8776,6854,87,61
705012,1322234079,8,mm/memory.c,2,2,9717,8776,6854,2,2
726020,1327098864,-8,mm/memory.c,28,9,9710,8776,6854,55,51
728061,1326417556,-8,mm/memory.c,2,2,12473,8776,6854,4,3
754786,1320266219,-7,mm/memory.c,1,1,20,8776,6854,270,65
758183,1318744912,-4,mm/memory.c,1,1,83,8776,6854,1,1
788602,1311639152,-7,mm/memory.c,56,1,435,8776,6854,83,26
788606,1311639147,-7,mm/memory.c,34,22,11354,8776,6854,215,118
788632,1311639136,-7,mm/memory.c,0,11,1510,8776,6854,7,11
795178,1310164781,-7,mm/memory.c,1,0,12473,8776,6854,4,3
801796,1309216681,-7,mm/memory.c,0,24,25,8776,6854,143,139
804369,1308175703,-7,mm/memory.c,4,2,18,8776,6854,4,2
804393,1308175689,-7,mm/memory.c,1,1,13276,8776,6854,2,2
809380,1306452338,-7,mm/memory.c,2,0,9471,8776,6854,11,5
809711,1306404979,9,mm/memory.c,1,1,9069,8776,6854,20,7
810418,1306282334,-7,mm/memory.c,121,2,8388,8776,6854,329,213
810444,1306282326,-7,mm/memory.c,2,2,8388,8776,6854,329,213
810453,1306282324,-7,mm/memory.c,29,165,8388,8776,6854,329,213
810460,1306282321,-7,mm/memory.c,1,1,8388,8776,6854,329,213
810470,1306282320,-7,mm/memory.c,77,0,8388,8776,6854,329,213
810514,1306282305,-7,mm/memory.c,22,24,8388,8776,6854,329,213
810518,1306282304,-7,mm/memory.c,1,1,5647,8776,6854,9,4
818679,1304938869,2,mm/memory.c,7,9,9085,8776,6854,7,9
819721,1304569828,-7,mm/memory.c,3,4,92,8776,6854,265,123
821935,1303943216,-7,mm/memory.c,1,1,3636,8776,6854,291,245
825034,1302819730,-7,mm/memory.c,1,1,6532,8776,6854,1,1
825843,1302642951,-7,mm/memory.c,18,8,92,8776,6854,265,123
832209,1301171221,-7,mm/memory.c,1,1,13276,8776,6854,2,2
833207,1300923739,-7,mm/memory.c,1,1,11354,8776,6854,215,118
833400,1300045760,-4,mm/memory.c,16,0,13535,8776,6854,56,21
833401,1300045759,-4,mm/memory.c,25,10,13535,8776,6854,56,21
833402,1300045758,-4,mm/memory.c,11,7,13535,8776,6854,56,21
833410,1300045757,-4,mm/memory.c,1,1,13535,8776,6854,56,21
833418,1300045756,-4,mm/memory.c,1,1,13535,8776,6854,56,21
833427,1300045755,-4,mm/memory.c,2,2,13535,8776,6854,56,21
834319,1300836651,-7,mm/memory.c,4,1,9204,8776,6854,4,1
836432,1296357348,8,mm/memory.c,10,3,8,8776,6854,60,3
836437,1296357347,8,mm/memory.c,50,0,8,8776,6854,60,3
845766,1298465387,1,mm/memory.c,2,0,6128,8776,6854,4,2
848906,1297313788,9,mm/memory.c,3,3,10876,8776,6854,3,3
849909,1297378893,-8,mm/memory.c,0,6,9015,8776,6854,144,113
849910,1297378892,-8,mm/memory.c,12,14,9015,8776,6854,144,113
858425,1294962435,-8,mm/memory.c,4,2,20,8776,6854,270,65
858501,1294962415,-8,mm/memory.c,5,0,20,8776,6854,270,65
858506,1294962414,-8,mm/memory.c,6,1,20,8776,6854,270,65
858509,1294962412,-8,mm/memory.c,1,1,25,8776,6854,143,139
858521,1294962412,-8,mm/memory.c,63,21,20,8776,6854,270,65
858533,1294962407,-8,mm/memory.c,71,0,20,8776,6854,270,65
858557,1294962403,-8,mm/memory.c,13,6,20,8776,6854,270,65
858572,1294962397,-8,mm/memory.c,0,13,20,8776,6854,270,65
858611,1294962374,-8,mm/memory.c,18,5,9015,8776,6854,144,113
858616,1294962371,-8,mm/memory.c,22,0,9015,8776,6854,144,113
858619,1294962369,-8,mm/memory.c,6,1,9015,8776,6854,144,113
858621,1294962368,-8,mm/memory.c,37,34,9015,8776,6854,144,113
858622,1294962367,-8,mm/memory.c,5,6,9015,8776,6854,144,113
883060,1288128147,-7,mm/memory.c,1,1,13116,8776,6854,1,1
883116,1288128120,-7,mm/memory.c,12,1,11633,8776,6854,14,2
883117,1288128120,-7,mm/memory.c,1,0,11633,8776,6854,14,2
883119,1288128119,-7,mm/memory.c,1,1,11633,8776,6854,14,2
883127,1288128117,-7,mm/memory.c,8,2,9015,8776,6854,144,113
883162,1288128112,-7,mm/memory.c,2,2,8388,8776,6854,329,213
894058,1286394300,2,mm/memory.c,2,1,446,8776,6854,4,2
900553,1284950422,-7,mm/memory.c,5,3,25,8776,6854,143,139
902886,1284075472,-7,mm/memory.c,34,5,20,8776,6854,270,65
907060,1282675458,-7,mm/memory.c,11,4,4291,8776,6854,11,4
907302,1281921415,8,mm/memory.c,1,1,12473,8776,6854,4,3
907492,1282348180,-7,mm/memory.c,11,4,92,8776,6854,265,123
909054,1281811496,-7,mm/memory.c,6,7,92,8776,6854,265,123
909181,1281716644,-7,mm/memory.c,3,1,92,8776,6854,265,123
909244,1281660873,-7,mm/memory.c,23,0,92,8776,6854,265,123
911258,1281399592,-7,mm/memory.c,2,3,9949,8776,6854,100,3
911262,1281399589,-7,mm/memory.c,1,0,20,8776,6854,270,65
911264,1281399588,-7,mm/memory.c,3,1,2413,8776,6854,145,37
911334,1281399543,-7,mm/memory.c,0,2,7691,8776,6854,21,5
918189,1280512706,-7,mm/memory.c,13,3,25,8776,6854,143,139
934429,1274736759,-7,mm/memory.c,11,2,1252,8776,6854,192,122
952478,1270589682,-7,mm/memory.c,1,2,11354,8776,6854,215,118
957584,1269417851,9,mm/memory.c,1,0,26,8776,6854,1,0
959202,1269376537,-7,mm/memory.c,1,0,76,8776,6854,10,5
961576,1268263243,-8,mm/memory.c,2,5,449,8776,6854,6,5
961583,1268263238,-8,mm/memory.c,0,3,11354,8776,6854,215,118
963755,1267825329,-8,mm/memory.c,7,0,2413,8776,6854,145,37
963767,1267825327,-8,mm/memory.c,2,2,2413,8776,6854,145,37
963806,1267825302,-8,mm/memory.c,12,4,11354,8776,6854,215,118
963815,1267825300,-8,mm/memory.c,84,9,11354,8776,6854,215,118
963824,1267825299,-8,mm/memory.c,33,22,11354,8776,6854,215,118
971332,1261154418,0,mm/memory.c,7,7,3136,8776,6854,7,7
985595,1260924423,-8,mm/memory.c,2,0,11354,8776,6854,215,118
985926,1260962398,1,mm/memory.c,4,0,449,8776,6854,6,5
986999,1260842364,-8,mm/memory.c,6,0,15522,8776,6854,177,107
987024,1260842344,-8,mm/memory.c,2,2,15522,8776,6854,177,107
987059,1260842326,-8,mm/memory.c,14,4,15522,8776,6854,177,107
1004823,1256601023,-7,mm/memory.c,7,4,9759,8776,6854,7,4
1006913,1255477901,2,mm/memory.c,2,1,446,8776,6854,4,2
1012253,1250786105,10,mm/memory.c,4,57,15048,8776,6854,4,57
1014016,1253577815,-7,mm/memory.c,1,0,15522,8776,6854,177,107
1014019,1253577814,-7,mm/memory.c,25,11,15522,8776,6854,177,107
1014024,1253577811,-7,mm/memory.c,19,25,15522,8776,6854,177,107
1014027,1253577810,-7,mm/memory.c,44,9,15522,8776,6854,177,107
1014028,1253577809,-7,mm/memory.c,2,1,15522,8776,6854,177,107
1014031,1253577807,-7,mm/memory.c,7,6,15522,8776,6854,177,107
1014034,1253577806,-7,mm/memory.c,12,31,15522,8776,6854,177,107
1014038,1253577805,-7,mm/memory.c,31,1,15522,8776,6854,177,107
1014040,1253577804,-7,mm/memory.c,4,10,15522,8776,6854,177,107
1014106,1253577776,-7,mm/memory.c,1,1,1252,8776,6854,192,122
1014170,1253577742,-7,mm/memory.c,2,2,20,8776,6854,270,65
1014175,1253577740,-7,mm/memory.c,2,2,15522,8776,6854,177,107
1014191,1253577721,-7,mm/memory.c,2,1,15522,8776,6854,177,107
1014193,1253577719,-7,mm/memory.c,1,1,15522,8776,6854,177,107
1014210,1253577711,-7,mm/memory.c,7,2,16156,8776,6854,7,2
1016411,1253303755,4,mm/memory.c,1,0,1515,8776,6854,1,0
1017456,1253094608,2,mm/memory.c,6,0,7691,8776,6854,21,5
1017458,1253094606,2,mm/memory.c,15,3,7691,8776,6854,21,5
1033924,1248241468,10,mm/memory.c,6,5,435,8776,6854,83,26
1039116,1245923935,2,mm/memory.c,12,14,86,8776,6854,64,44
1039696,1245785818,-7,mm/memory.c,1,1,15522,8776,6854,177,107
1039717,1245761569,1,mm/memory.c,4,2,15522,8776,6854,177,107
1040363,1239379283,-7,mm/memory.c,4,4,92,8776,6854,265,123
1040364,1239378191,-7,mm/memory.c,21,21,92,8776,6854,265,123
1045197,1245191555,-7,mm/memory.c,29,0,1252,8776,6854,192,122
1045198,1245191554,-7,mm/memory.c,5,31,1252,8776,6854,192,122
1045199,1245191553,-7,mm/memory.c,37,0,1252,8776,6854,192,122
1045291,1245191499,-7,mm/memory.c,50,0,16619,8776,6854,169,66
1059093,1241129296,-7,mm/memory.c,76,31,13821,8776,6854,674,584
1059100,1241129288,-7,mm/memory.c,2,2,1252,8776,6854,192,122
1070623,1238538201,-7,mm/memory.c,22,4,13821,8776,6854,674,584
1070658,1238537977,-7,mm/memory.c,5,0,9069,8776,6854,20,7
1070661,1238537973,-7,mm/memory.c,0,2,9069,8776,6854,20,7
1071392,1238451923,2,mm/memory.c,0,2,8898,8776,6854,24,14
1073690,1234944688,-8,mm/memory.c,0,2,12245,8776,6854,2,2
1073726,1234475134,-8,mm/memory.c,2,0,12245,8776,6854,2,2
1078405,1237543504,1,mm/memory.c,0,8,8898,8776,6854,24,14
1079625,1236987344,-7,mm/memory.c,2,2,15441,8776,6854,2,2
1080268,1236915197,1,mm/memory.c,4,2,8898,8776,6854,24,14
1081625,1236353752,-5,mm/memory.c,10,0,13655,8776,6854,10,0
1087840,1233789136,-8,mm/memory.c,1,1,12006,8776,6854,3,1
1094045,1231546391,-8,mm/memory.c,4,3,15649,8776,6854,147,114
1094048,1231546389,-8,mm/memory.c,7,1,15649,8776,6854,147,114
1094456,1231761731,1,mm/memory.c,9,0,8388,8776,6854,329,213
1095574,1231380511,-8,mm/memory.c,6,4,11354,8776,6854,215,118
1095623,1231380490,-8,mm/memory.c,4,6,11354,8776,6854,215,118
1095652,1231380480,-8,mm/memory.c,9,9,11354,8776,6854,215,118
1095678,1231380469,-8,mm/memory.c,5,4,11354,8776,6854,215,118
1095683,1231380468,-8,mm/memory.c,6,6,11354,8776,6854,215,118
1097638,1231281618,-8,mm/memory.c,9,5,9471,8776,6854,11,5
1097642,1231281613,-8,mm/memory.c,8,7,16800,8776,6854,927,902
1097644,1231281612,-8,mm/memory.c,23,0,16800,8776,6854,927,902
1097649,1231281611,-8,mm/memory.c,2,2,16800,8776,6854,927,902
1097652,1231281610,-8,mm/memory.c,7,4,16800,8776,6854,927,902
1097655,1231281609,-8,mm/memory.c,10,10,16800,8776,6854,927,902
1097657,1231281608,-8,mm/memory.c,40,12,16800,8776,6854,927,902
1097690,1231281583,-8,mm/memory.c,1,1,9069,8776,6854,20,7
1097706,1231281576,-8,mm/memory.c,1,1,16800,8776,6854,927,902
1097713,1231281574,-8,mm/memory.c,2,2,16800,8776,6854,927,902
1097715,1231281573,-8,mm/memory.c,14,3,16800,8776,6854,927,902
1097716,1231281572,-8,mm/memory.c,8,2,16800,8776,6854,927,902
1097726,1231281567,-8,mm/memory.c,0,3,16800,8776,6854,927,902
1097731,1231281565,-8,mm/memory.c,0,6,16800,8776,6854,927,902
1097746,1231281561,-8,mm/memory.c,4,0,9949,8776,6854,100,3
1097751,1231281557,-8,mm/memory.c,2,1,1252,8776,6854,192,122
1097796,1231281535,-8,mm/memory.c,1,1,13821,8776,6854,674,584
1100302,1228403193,-5,mm/memory.c,2,2,1107,8776,6854,87,61
1106859,1229723249,-8,mm/memory.c,2,45,15649,8776,6854,147,114
1106863,1229723248,-8,mm/memory.c,0,43,15649,8776,6854,147,114
1106865,1229723247,-8,mm/memory.c,14,17,15649,8776,6854,147,114
1107152,1229629289,-8,mm/memory.c,74,1,15649,8776,6854,147,114
1107154,1229629288,-8,mm/memory.c,43,0,15649,8776,6854,147,114
1107156,1229629287,-8,mm/memory.c,3,4,15649,8776,6854,147,114
1122843,1224542613,8,mm/memory.c,0,2,13158,8776,6854,0,2
1123171,1224386890,-7,mm/memory.c,11,14,11354,8776,6854,215,118
1123176,1224386888,-7,mm/memory.c,6,5,11354,8776,6854,215,118
1123314,1224386816,-7,mm/memory.c,1,1,11107,8776,6854,13,21
1123316,1224386816,-7,mm/memory.c,2,12,11107,8776,6854,13,21
1123330,1224386812,-7,mm/memory.c,10,8,11107,8776,6854,13,21
1123351,1224386804,-7,mm/memory.c,48,8,13821,8776,6854,674,584
1123415,1224386792,-7,mm/memory.c,3,3,2413,8776,6854,145,37
1123426,1224386790,-7,mm/memory.c,3,0,2413,8776,6854,145,37
1137972,1221046637,2,mm/memory.c,15,0,13821,8776,6854,674,584
1148027,1217671263,2,mm/memory.c,1,1,13821,8776,6854,674,584
1148084,1217882474,-7,mm/memory.c,13,3,9069,8776,6854,20,7
1148365,1217621295,-5,mm/memory.c,0,2,12583,8776,6854,25,2
1149165,1217396041,-7,mm/memory.c,2,0,12583,8776,6854,25,2
1149181,1217396033,-7,mm/memory.c,23,0,12583,8776,6854,25,2
1149649,1217285189,-7,mm/memory.c,29,5,17903,8776,6854,29,5
1151303,1217040383,-7,mm/memory.c,2,1,16606,8776,6854,2,2
1153912,1216873670,-7,mm/memory.c,11,4,17328,8776,6854,69,7
1153928,1216873663,-7,mm/memory.c,16,2,17328,8776,6854,69,7
1153948,1216873661,-7,mm/memory.c,1,1,17328,8776,6854,69,7
1153974,1216873645,-7,mm/memory.c,1,1,12277,8776,6854,5,5
1154016,1216873630,-7,mm/memory.c,6,4,13726,8776,6854,6,6
1154035,1216873625,-7,mm/memory.c,110,20,2413,8776,6854,145,37
1154037,1216873625,-7,mm/memory.c,7,59,13821,8776,6854,674,584
1165116,1215190768,-7,mm/memory.c,1,1,17424,8776,6854,1,1
1165120,1215190764,-7,mm/memory.c,13,1,8388,8776,6854,329,213
1167270,1214224230,2,mm/memory.c,26,1,13821,8776,6854,674,584
1167271,1214245297,-7,mm/memory.c,21,2,92,8776,6854,265,123
1167714,1213985905,-7,mm/memory.c,13,4,92,8776,6854,265,123
1172233,1211573058,-7,mm/memory.c,0,2,13821,8776,6854,674,584
1174795,1210739856,2,mm/memory.c,21,0,13821,8776,6854,674,584
1176431,1210103363,1,mm/memory.c,4,1,16800,8776,6854,927,902
1180925,1209373981,-7,mm/memory.c,58,27,13821,8776,6854,674,584
1180950,1209373980,-7,mm/memory.c,53,45,13821,8776,6854,674,584
1180952,1209373978,-7,mm/memory.c,57,21,18195,8776,6854,57,21
1181079,1209373930,-7,mm/memory.c,5,17,13821,8776,6854,674,584
1197631,1204669744,-8,mm/memory.c,3,6,16800,8776,6854,927,902
1197632,1204669744,-8,mm/memory.c,2,2,16800,8776,6854,927,902
1200383,1203046724,-8,mm/memory.c,1,1,15137,8776,6854,1,1
1200594,1202930466,1,mm/memory.c,7,0,8898,8776,6854,24,14
1201063,1202771853,-7,mm/memory.c,2,0,536,8776,6854,2,0
1201757,1202473324,-8,mm/memory.c,15,17,82,8776,6854,15,17
1203792,1202372042,-8,mm/memory.c,5,5,13450,8776,6854,45,13
1203823,1202372033,-8,mm/memory.c,39,7,13450,8776,6854,45,13
1204538,1202333984,1,mm/memory.c,12,1,8898,8776,6854,24,14
1205789,1202192974,-8,mm/memory.c,5,4,13821,8776,6854,674,584
1205802,1202192966,-8,mm/memory.c,2,1,13778,8776,6854,2,1
1205864,1202192954,-8,mm/memory.c,5,5,435,8776,6854,83,26
1205905,1202192936,-8,mm/memory.c,33,35,108,8776,6854,33,37
1205926,1202192922,-8,mm/memory.c,2,1,16800,8776,6854,927,902
1205931,1202192921,-8,mm/memory.c,1,44,16800,8776,6854,927,902
1205934,1202192920,-8,mm/memory.c,14,33,16800,8776,6854,927,902
1205954,1202192911,-8,mm/memory.c,0,40,17980,8776,6854,26,53
1211455,1201696398,1,mm/memory.c,31,0,17328,8776,6854,69,7
1212177,1201696280,1,mm/memory.c,3,5,13821,8776,6854,674,584
1223592,1201044078,3,mm/memory.c,6,0,18744,8776,6854,6,0
1224130,1200612077,-8,mm/memory.c,2,0,12006,8776,6854,3,1
1228357,1195088433,-8,mm/memory.c,1,1,13450,8776,6854,45,13
1228429,1195088373,-8,mm/memory.c,1,1,15625,8776,6854,1,1
1229313,1194018208,1,mm/memory.c,0,1,16606,8776,6854,2,2
1232020,1192836438,2,mm/memory.c,1,1,18901,8776,6854,1,1
1233514,1192775954,-7,mm/memory.c,0,3,435,8776,6854,83,26
1237750,1192523144,-7,mm/memory.c,1,7,11354,8776,6854,215,118
1237899,1192523085,-7,mm/memory.c,1,1,17161,8776,6854,1,1
1237916,1192523080,-7,mm/memory.c,21,129,13821,8776,6854,674,584
1249839,1191862477,2,mm/memory.c,7,2,86,8776,6854,64,44
1250011,1191513366,1,mm/memory.c,6,8,16800,8776,6854,927,902
1257136,1185017860,-7,mm/memory.c,0,2,108,8776,6854,33,37
1258928,1184834961,-7,mm/memory.c,1,0,2302,8776,6854,2,1
1259422,1184834842,-7,mm/memory.c,9,0,13821,8776,6854,674,584
1259454,1184834825,-7,mm/memory.c,38,41,13821,8776,6854,674,584
1259469,1184834823,-7,mm/memory.c,50,58,13821,8776,6854,674,584
1259473,1184834820,-7,mm/memory.c,9,5,18393,8776,6854,9,5
1259488,1184834819,-7,mm/memory.c,86,45,13821,8776,6854,674,584
1259501,1184834817,-7,mm/memory.c,73,79,13821,8776,6854,674,584
1261359,1184670185,-7,mm/memory.c,4,4,12277,8776,6854,5,5
1262112,1184567899,-7,mm/memory.c,0,2,13726,8776,6854,6,6
1262144,1184567896,-7,mm/memory.c,8,0,19285,8776,6854,8,0
1262164,1184567883,-7,mm/memory.c,1,1,5534,8776,6854,28,8
1269214,1182014172,-7,mm/memory.c,6,7,435,8776,6854,83,26
1272188,1179378681,-7,mm/memory.c,1,1,13821,8776,6854,674,584
1278376,1178488157,-7,mm/memory.c,1,1,18560,8776,6854,1,1
1278414,1178488142,-7,mm/memory.c,0,12,13821,8776,6854,674,584
1278423,1178488134,-7,mm/memory.c,94,0,9949,8776,6854,100,3
1296563,1171270298,-8,mm/memory.c,4,2,435,8776,6854,83,26
1296565,1171270296,-8,mm/memory.c,45,0,13821,8776,6854,674,584
1296753,1171100759,-8,mm/memory.c,1,3,18595,8776,6854,1,3
1297292,1171100598,-8,mm/memory.c,1,1,13748,8776,6854,1,1
1297368,1171100580,-8,mm/memory.c,1,2,16800,8776,6854,927,902
1302632,1169801809,-8,mm/memory.c,7,0,14484,8776,6854,9,2
1302635,1169801807,-8,mm/memory.c,2,2,14484,8776,6854,9,2
1303388,1167517459,0,mm/memory.c,1,1,16318,8776,6854,1,1
1303984,1166778573,-8,mm/memory.c,2,2,16619,8776,6854,169,66
1304714,1165943695,0,mm/memory.c,5,5,8100,8776,6854,5,5
1305917,1165745923,-8,mm/memory.c,21,11,16800,8776,6854,927,902
1307937,1165466415,-8,mm/memory.c,0,1,12955,8776,6854,2,3
1309063,1165465914,-8,mm/memory.c,1,1,20003,8776,6854,1,1
1316830,1161325748,-7,mm/memory.c,1,0,19485,8776,6854,1,0
1319308,1160120633,-7,mm/memory.c,6,3,435,8776,6854,83,26
1323656,1159684173,-7,mm/memory.c,8,0,17137,8776,6854,13,4
1323661,1159684171,-7,mm/memory.c,1,1,17137,8776,6854,13,4
1323662,1159684170,-7,mm/memory.c,1,1,17137,8776,6854,13,4
1324995,1159520322,-7,mm/memory.c,8,1,18665,8776,6854,8,1
1326742,1159347015,-7,mm/memory.c,53,0,122,8776,6854,128,24
1326753,1159347010,-7,mm/memory.c,58,5,16331,8776,6854,60,7
1328600,1159252282,-7,mm/memory.c,27,7,5534,8776,6854,28,8
1328677,1159252260,-7,mm/memory.c,13,6,8388,8776,6854,329,213
1328681,1159252258,-7,mm/memory.c,3,2,8388,8776,6854,329,213
1328686,1159252257,-7,mm/memory.c,22,6,8388,8776,6854,329,213
1337377,1152861877,-7,mm/memory.c,4,0,20342,8776,6854,4,0
1337453,1152861837,-7,mm/memory.c,1,1,20424,8776,6854,1,1
1338457,1152531862,-7,mm/memory.c,1,1,12955,8776,6854,2,3
1339225,1151911508,-7,mm/memory.c,1,1,8898,8776,6854,24,14
1341139,1151657745,-7,mm/memory.c,2,2,17980,8776,6854,26,53
1341198,1151657738,-7,mm/memory.c,2,2,17980,8776,6854,26,53
1350155,1151053423,-7,mm/memory.c,75,24,122,8776,6854,128,24
1350177,1151053415,-7,mm/memory.c,15,2,17980,8776,6854,26,53
1350255,1151053384,-7,mm/memory.c,0,7,17980,8776,6854,26,53
1361369,1143801033,-8,mm/memory.c,1,1,1326,8776,6854,1,1
1364692,1143365817,-8,mm/memory.c,2,0,18762,8776,6854,2,0
1364701,1143390652,2,mm/memory.c,2,4,16950,8776,6854,2,4
1364846,1143300022,1,mm/memory.c,6,2,13821,8776,6854,674,584
1367107,1143014938,-8,mm/memory.c,1,1,196,8776,6854,3,4
1367111,1143014937,-8,mm/memory.c,2,3,196,8776,6854,3,4
1367131,1143014922,-8,mm/memory.c,3,9,13821,8776,6854,674,584
1367230,1143014885,-8,mm/memory.c,1,3,13821,8776,6854,674,584
1370518,1142579049,-8,mm/memory.c,3,2,16800,8776,6854,927,902
1372667,1140129718,1,mm/memory.c,10,0,17328,8776,6854,69,7
1375111,1138791936,-8,mm/memory.c,7,0,17980,8776,6854,26,53
1381269,1136851164,-8,mm/memory.c,2,2,16331,8776,6854,60,7
1383556,1132088028,-5,mm/memory.c,2,0,118,8776,6854,2,0
1384760,1136535073,-8,mm/memory.c,0,1,16619,8776,6854,169,66
1384763,1136535072,-8,mm/memory.c,3,3,16619,8776,6854,169,66
1384835,1136535038,-8,mm/memory.c,24,1,17595,8776,6854,24,1
1388115,1134757283,-8,mm/memory.c,2,1,20069,8776,6854,291,185
1388459,1134433473,-8,mm/memory.c,1,1,20069,8776,6854,291,185
1388662,1134362297,-8,mm/memory.c,8,3,20069,8776,6854,291,185
1388664,1134359872,-8,mm/memory.c,1,45,20069,8776,6854,291,185
1388665,1134359162,-8,mm/memory.c,12,4,20069,8776,6854,291,185
1388935,1133671691,-8,mm/memory.c,1,1,20069,8776,6854,291,185
1389263,1133372119,-8,mm/memory.c,34,2,20069,8776,6854,291,185
1389313,1133310442,-5,mm/memory.c,2,2,16664,8776,6854,2,2
1389369,1133283348,0,mm/memory.c,3,1,16800,8776,6854,927,902
1389370,1133283291,0,mm/memory.c,3,4,16800,8776,6854,927,902
1389371,1133302075,-8,mm/memory.c,9,2,20069,8776,6854,291,185
1389375,1133301794,-8,mm/memory.c,14,12,20069,8776,6854,291,185
1389379,1133298116,-8,mm/memory.c,92,0,20069,8776,6854,291,185
1389380,1133293526,-8,mm/memory.c,2,2,21035,8776,6854,2,2
1389413,1133250197,11,mm/memory.c,1,1,16619,8776,6854,169,66
1389475,1133214224,-8,mm/memory.c,12,0,1287,8776,6854,12,0
1389485,1133217263,-8,mm/memory.c,100,88,20069,8776,6854,291,185
1389664,1132637539,-8,mm/memory.c,12,2,16800,8776,6854,927,902
1389665,1132637538,-8,mm/memory.c,41,21,16800,8776,6854,927,902
1389667,1132637537,-8,mm/memory.c,25,12,16800,8776,6854,927,902
1389676,1132637535,-8,mm/memory.c,18,12,16800,8776,6854,927,902
1389686,1132637531,-8,mm/memory.c,1,1,16800,8776,6854,927,902
1390762,1131926802,-8,mm/memory.c,54,34,6135,8776,6854,54,34
1397591,1130635008,-7,mm/memory.c,16,4,18581,8776,6854,16,4
1397606,1130635001,-7,mm/memory.c,3,1,16800,8776,6854,927,902
1397621,1130635000,-7,mm/memory.c,13,10,16800,8776,6854,927,902
1397646,1130634993,-7,mm/memory.c,71,80,16800,8776,6854,927,902
1397651,1130634992,-7,mm/memory.c,4,24,16800,8776,6854,927,902
1397660,1130634990,-7,mm/memory.c,12,29,16800,8776,6854,927,902
1397662,1130634989,-7,mm/memory.c,10,2,16800,8776,6854,927,902
1397674,1130634986,-7,mm/memory.c,90,60,16800,8776,6854,927,902
1397685,1130634983,-7,mm/memory.c,33,70,16800,8776,6854,927,902
1397689,1130634982,-7,mm/memory.c,40,55,16800,8776,6854,927,902
1397715,1130634981,-7,mm/memory.c,26,33,16800,8776,6854,927,902
1397731,1130634978,-7,mm/memory.c,1,16,16800,8776,6854,927,902
1397738,1130634975,-7,mm/memory.c,1,3,16800,8776,6854,927,902
1397739,1130634974,-7,mm/memory.c,3,3,16800,8776,6854,927,902
1397740,1130634973,-7,mm/memory.c,5,10,16800,8776,6854,927,902
1397753,1130634972,-7,mm/memory.c,79,51,16619,8776,6854,169,66
1397771,1130634965,-7,mm/memory.c,32,15,16800,8776,6854,927,902
1397780,1130634965,-7,mm/memory.c,17,14,16800,8776,6854,927,902
1397799,1130634963,-7,mm/memory.c,1,1,16800,8776,6854,927,902
1397806,1130634962,-7,mm/memory.c,2,2,16800,8776,6854,927,902
1397815,1130634959,-7,mm/memory.c,95,125,16800,8776,6854,927,902
1397828,1130634955,-7,mm/memory.c,4,3,16800,8776,6854,927,902
1397830,1130634954,-7,mm/memory.c,6,4,16800,8776,6854,927,902
1397832,1130634953,-7,mm/memory.c,8,6,16800,8776,6854,927,902
1401724,1129821868,1,mm/memory.c,2,12,16800,8776,6854,927,902
1401840,1129670112,-7,mm/memory.c,12,2,21230,8776,6854,12,2
1406681,1126337188,-7,mm/memory.c,1,1,12955,8776,6854,2,3
1410856,1125788104,-7,mm/memory.c,3,2,17137,8776,6854,13,4
1410894,1125788096,-7,mm/memory.c,1,1,18993,8776,6854,1,1
1411706,1125211751,10,mm/memory.c,11,0,16619,8776,6854,169,66
1414840,1123088829,-7,mm/memory.c,13,9,20069,8776,6854,291,185
1414850,1123064641,10,mm/memory.c,23,8,16619,8776,6854,169,66
1414888,1122955902,-7,mm/memory.c,6,2,16800,8776,6854,927,902
1414956,1122920089,-7,mm/memory.c,4,17,20069,8776,6854,291,185
1416143,1122489834,-7,mm/memory.c,15,10,18652,8776,6854,15,10
1420823,1119736473,-7,mm/memory.c,1,1,16800,8776,6854,927,902
1420993,1119589521,-7,mm/memory.c,1,1,19924,8776,6854,1,1
1422066,1119510474,-7,mm/memory.c,1,1,17311,8776,6854,1,1
1423294,1119399312,-7,mm/memory.c,5,5,16800,8776,6854,927,902
1423297,1119399311,-7,mm/memory.c,1,1,16800,8776,6854,927,902
1423298,1119399310,-7,mm/memory.c,10,35,16800,8776,6854,927,902
1426227,1116305630,-7,mm/memory.c,12,5,19477,8776,6854,12,5
1428752,1113942556,-7,mm/memory.c,23,13,16800,8776,6854,927,902
1428757,1113942555,-7,mm/memory.c,13,15,16800,8776,6854,927,902
1428762,1113942555,-7,mm/memory.c,114,37,16800,8776,6854,927,902
